{
  "timestamp": "20251209_224157",
  "test_metrics": {
    "mse": 6.605380535125732,
    "rmse": 2.5700933933258057,
    "mae": 2.233318567276001,
    "r2": 0.5100958943367004,
    "mape": 629.2096138000488
  },
  "best_val_loss": 4.241024494171143,
  "best_val_metrics": {
    "mse": 4.241024017333984,
    "rmse": 2.0593745708465576,
    "mae": 1.6171975135803223,
    "r2": 0.692517876625061,
    "mape": 122.73401021957397
  }
}