{
  "timestamp": "20260402_084215",
  "test_metrics": {
    "mse": 0.6920391321182251,
    "rmse": 0.8318888940947734,
    "mae": 0.6691502332687378,
    "r2": 0.897660493850708,
    "mape": 102.8752326965332
  },
  "best_val_loss": 0.6617664098739624,
  "best_val_metrics": {
    "mse": 0.6617664694786072,
    "rmse": 0.8134903007895098,
    "mae": 0.6660838723182678,
    "r2": 0.9030371904373169,
    "mape": 94.13115382194519
  }
}