{
  "timestamp": "20251209_201422",
  "test_metrics": {
    "mse": 16.961702346801758,
    "rmse": 4.1184587478637695,
    "mae": 3.958211898803711,
    "r2": -0.2580059766769409,
    "mape": 107.71923065185547
  },
  "best_val_loss": 2.3562564849853516,
  "best_val_metrics": {
    "mse": 2.3562564849853516,
    "rmse": 1.5350102186203003,
    "mae": 0.9983032941818237,
    "r2": 0.8291670083999634,
    "mape": 155.20706176757812
  }
}