{
  "timestamp": "20251119_155939",
  "test_metrics": {
    "mse": 7.921829700469971,
    "rmse": 2.8145744800567627,
    "mae": 2.1633009910583496,
    "r2": 0.41245824098587036,
    "mape": 534.0749263763428
  },
  "best_val_loss": 3.4198477268218994,
  "best_val_metrics": {
    "mse": 3.4198477268218994,
    "rmse": 1.84928297996521,
    "mae": 1.4758490324020386,
    "r2": 0.7520546913146973,
    "mape": 139.31347131729126
  }
}