{
  "timestamp": "20251119_111822",
  "test_metrics": {
    "mse": 3.1014466285705566,
    "rmse": 1.7610924243927002,
    "mae": 1.2210783958435059,
    "r2": 0.769973635673523,
    "mape": 218.70582103729248
  },
  "best_val_loss": 2.865957260131836,
  "best_val_metrics": {
    "mse": 2.865957498550415,
    "rmse": 1.6929138898849487,
    "mae": 1.1733990907669067,
    "r2": 0.792212724685669,
    "mape": 157.4836254119873
  }
}