{
  "timestamp": "20251226_062633",
  "test_metrics": {
    "mse": 5.6966047286987305,
    "rmse": 2.386756181716919,
    "mae": 2.201315402984619,
    "r2": 0.5774974822998047,
    "mape": 118.46375465393066
  },
  "best_val_loss": 2.417292356491089,
  "best_val_metrics": {
    "mse": 2.417292356491089,
    "rmse": 1.5547643899917603,
    "mae": 1.0117361545562744,
    "r2": 0.8247418403625488,
    "mape": 135.53475141525269
  }
}