{
  "timestamp": "20251119_111216",
  "test_metrics": {
    "mse": 10.138059616088867,
    "rmse": 3.1840319633483887,
    "r2": 0.24808615446090698,
    "mape": 2083.7356567382812
  },
  "best_val_loss": 2.9069154262542725,
  "best_val_metrics": {
    "mse": 2.9069154262542725,
    "rmse": 1.7049678564071655,
    "r2": 0.789243221282959,
    "mape": 6386.4959716796875
  }
}