{
  "timestamp": "20251209_205333",
  "test_metrics": {
    "mse": 22.060434341430664,
    "rmse": 4.6968536376953125,
    "mae": 4.492465496063232,
    "r2": -0.6361657381057739,
    "mape": 107.90358781814575
  },
  "best_val_loss": 4.52338981628418,
  "best_val_metrics": {
    "mse": 4.52338981628418,
    "rmse": 2.126826286315918,
    "mae": 1.6730817556381226,
    "r2": 0.6720458269119263,
    "mape": 236.89730167388916
  }
}