{
  "timestamp": "20251119_110133",
  "test_metrics": {
    "mse": 26.71822166442871,
    "rmse": 5.168967247009277,
    "r2": -0.9490957260131836,
    "mape": 2897.283935546875
  },
  "best_val_loss": 13.90929889678955,
  "best_val_metrics": {
    "mse": 13.90929889678955,
    "rmse": 3.7295172214508057,
    "r2": 0.012446761131286621,
    "mape": 252705.0048828125
  }
}