{
  "timestamp": "20251214_123455",
  "test_metrics": {
    "mse": 4.074479103088379,
    "rmse": 2.018533945083618,
    "mae": 1.344635248184204,
    "r2": 0.6978063583374023,
    "mape": 271.1958169937134
  },
  "best_val_loss": 2.799485921859741,
  "best_val_metrics": {
    "mse": 2.7994861602783203,
    "rmse": 1.6731665134429932,
    "mae": 1.1345841884613037,
    "r2": 0.7970320582389832,
    "mape": 160.53407192230225
  }
}