{
  "best_val_metrics": {
    "r2": 0.9885793704867302,
    "rmse": 0.12038886547088623,
    "mae": 0.07524743676185608,
    "mse": 0.014493479393422604
  },
  "test_metrics": {
    "r2": 0.9774178384923097,
    "rmse": 0.1749313622713089,
    "mae": 0.08970575779676437,
    "mse": 0.030600979924201965
  }
}